module name;license;repository
@angular-devkit/architect@0.13.10;MIT;https://github.com/angular/angular-cli
@angular-devkit/build-angular@0.13.10;MIT;https://github.com/angular/angular-cli
@angular-devkit/build-optimizer@0.13.10;MIT;https://github.com/angular/angular-cli
@angular-devkit/build-webpack@0.13.10;MIT;https://github.com/angular/angular-cli
@angular-devkit/core@7.3.10;MIT;https://github.com/angular/angular-cli
@angular-devkit/schematics@7.3.10;MIT;https://github.com/angular/angular-cli
@angular/animations@7.2.16;MIT;https://github.com/angular/angular
@angular/cli@7.3.10;MIT;https://github.com/angular/angular-cli
@angular/common@7.2.16;MIT;https://github.com/angular/angular
@angular/compiler-cli@7.2.16;MIT;https://github.com/angular/angular
@angular/compiler@7.2.16;MIT;https://github.com/angular/angular
@angular/core@7.2.16;MIT;https://github.com/angular/angular
@angular/forms@7.2.16;MIT;https://github.com/angular/angular
@angular/language-service@7.2.16;MIT;https://github.com/angular/angular
@angular/platform-browser-dynamic@7.2.16;MIT;https://github.com/angular/angular
@angular/platform-browser@7.2.16;MIT;https://github.com/angular/angular
@angular/router@7.2.16;MIT;https://github.com/angular/angular
@babel/code-frame@7.8.3;MIT;https://github.com/babel/babel/tree/master/packages/babel-code-frame
@babel/generator@7.9.4;MIT;https://github.com/babel/babel/tree/master/packages/babel-generator
@babel/helper-function-name@7.8.3;MIT;https://github.com/babel/babel/tree/master/packages/babel-helper-function-name
@babel/helper-get-function-arity@7.8.3;MIT;https://github.com/babel/babel/tree/master/packages/babel-helper-get-function-arity
@babel/helper-split-export-declaration@7.8.3;MIT;https://github.com/babel/babel/tree/master/packages/babel-helper-split-export-declaration
@babel/helper-validator-identifier@7.9.5;MIT;https://github.com/babel/babel/tree/master/packages/babel-helper-validator-identifier
@babel/highlight@7.9.0;MIT;https://github.com/babel/babel/tree/master/packages/babel-highlight
@babel/parser@7.9.4;MIT;https://github.com/babel/babel/tree/master/packages/babel-parser
@babel/template@7.8.6;MIT;https://github.com/babel/babel/tree/master/packages/babel-template
@babel/traverse@7.9.0;MIT;https://github.com/babel/babel/tree/master/packages/babel-traverse
@babel/types@7.9.0;MIT;https://github.com/babel/babel/tree/master/packages/babel-types
@ng-bootstrap/ng-bootstrap@4.2.2;MIT;https://github.com/ng-bootstrap/ng-bootstrap
@ngtools/webpack@7.3.10;MIT;https://github.com/angular/angular-cli
@schematics/angular@7.3.10;MIT;https://github.com/angular/angular-cli
@schematics/update@0.13.10;MIT;https://github.com/angular/angular-cli
@types/jasmine@2.8.17;MIT;https://github.com/DefinitelyTyped/DefinitelyTyped
@types/jasminewd2@2.0.9;MIT;https://github.com/DefinitelyTyped/DefinitelyTyped
@types/node@8.9.5;MIT;https://github.com/DefinitelyTyped/DefinitelyTyped
@types/q@0.0.32;MIT;https://github.com/DefinitelyTyped/DefinitelyTyped
@types/selenium-webdriver@3.0.17;MIT;https://github.com/DefinitelyTyped/DefinitelyTyped
@types/source-list-map@0.1.2;MIT;https://github.com/DefinitelyTyped/DefinitelyTyped
@types/webpack-sources@0.1.7;MIT;https://github.com/DefinitelyTyped/DefinitelyTyped
@webassemblyjs/ast@1.7.11;MIT;https://github.com/xtuc/webassemblyjs
@webassemblyjs/floating-point-hex-parser@1.7.11;MIT;https://github.com/xtuc/webassemblyjs
@webassemblyjs/helper-api-error@1.7.11;MIT;
@webassemblyjs/helper-buffer@1.7.11;MIT;https://github.com/xtuc/webassemblyjs
@webassemblyjs/helper-code-frame@1.7.11;MIT;https://github.com/xtuc/webassemblyjs
@webassemblyjs/helper-fsm@1.7.11;ISC;
@webassemblyjs/helper-module-context@1.7.11;MIT;https://github.com/xtuc/webassemblyjs
@webassemblyjs/helper-wasm-bytecode@1.7.11;MIT;https://github.com/xtuc/webassemblyjs
@webassemblyjs/helper-wasm-section@1.7.11;MIT;https://github.com/xtuc/webassemblyjs
@webassemblyjs/ieee754@1.7.11;MIT;
@webassemblyjs/leb128@1.7.11;MIT;
@webassemblyjs/utf8@1.7.11;MIT;https://github.com/xtuc/webassemblyjs
@webassemblyjs/wasm-edit@1.7.11;MIT;https://github.com/xtuc/webassemblyjs
@webassemblyjs/wasm-gen@1.7.11;MIT;https://github.com/xtuc/webassemblyjs
@webassemblyjs/wasm-opt@1.7.11;MIT;https://github.com/xtuc/webassemblyjs
@webassemblyjs/wasm-parser@1.7.11;MIT;https://github.com/xtuc/webassemblyjs
@webassemblyjs/wast-parser@1.7.11;MIT;https://github.com/xtuc/webassemblyjs
@webassemblyjs/wast-printer@1.7.11;MIT;https://github.com/xtuc/webassemblyjs
@xtuc/ieee754@1.2.0;BSD-3-Clause;https://github.com/feross/ieee754
@xtuc/long@4.2.1;Apache-2.0;https://github.com/dcodeIO/long.js
@yarnpkg/lockfile@1.1.0;BSD-2-Clause;https://github.com/yarnpkg/yarn/blob/master/packages/lockfile
JSONStream@1.3.5;(MIT OR Apache-2.0);https://github.com/dominictarr/JSONStream
abbrev@1.1.1;ISC;https://github.com/isaacs/abbrev-js
accepts@1.3.7;MIT;https://github.com/jshttp/accepts
acorn-dynamic-import@4.0.0;MIT;https://github.com/kesne/acorn-dynamic-import
acorn@6.4.1;MIT;https://github.com/acornjs/acorn
adm-zip@0.4.16;MIT;https://github.com/cthackers/adm-zip
after@0.8.2;MIT;https://github.com/Raynos/after
agent-base@4.2.1;MIT;https://github.com/TooTallNate/node-agent-base
agent-base@4.3.0;MIT;https://github.com/TooTallNate/node-agent-base
agentkeepalive@3.5.2;MIT;https://github.com/node-modules/agentkeepalive
ajv-errors@1.0.1;MIT;https://github.com/epoberezkin/ajv-errors
ajv-keywords@3.4.1;MIT;https://github.com/epoberezkin/ajv-keywords
ajv@5.5.2;MIT;https://github.com/epoberezkin/ajv
ajv@6.9.1;MIT;https://github.com/epoberezkin/ajv
amdefine@1.0.1;BSD-3-Clause OR MIT;https://github.com/jrburke/amdefine
ansi-colors@3.2.4;MIT;https://github.com/doowb/ansi-colors
ansi-escapes@3.2.0;MIT;https://github.com/sindresorhus/ansi-escapes
ansi-html@0.0.7;Apache-2.0;https://github.com/Tjatse/ansi-html
ansi-regex@2.1.1;MIT;https://github.com/chalk/ansi-regex
ansi-regex@3.0.0;MIT;https://github.com/chalk/ansi-regex
ansi-regex@4.1.0;MIT;https://github.com/chalk/ansi-regex
ansi-styles@2.2.1;MIT;https://github.com/chalk/ansi-styles
ansi-styles@3.2.1;MIT;https://github.com/chalk/ansi-styles
anymatch@2.0.0;ISC;https://github.com/micromatch/anymatch
app-root-path@2.2.1;MIT;https://github.com/inxilpro/node-app-root-path
append-transform@1.0.0;MIT;https://github.com/istanbuljs/append-transform
aproba@1.2.0;ISC;https://github.com/iarna/aproba
are-we-there-yet@1.1.5;ISC;https://github.com/iarna/are-we-there-yet
argparse@1.0.10;MIT;https://github.com/nodeca/argparse
arr-diff@4.0.0;MIT;https://github.com/jonschlinkert/arr-diff
arr-flatten@1.1.0;MIT;https://github.com/jonschlinkert/arr-flatten
arr-union@3.1.0;MIT;https://github.com/jonschlinkert/arr-union
array-find-index@1.0.2;MIT;https://github.com/sindresorhus/array-find-index
array-flatten@1.1.1;MIT;https://github.com/blakeembrey/array-flatten
array-flatten@2.1.2;MIT;https://github.com/blakeembrey/array-flatten
array-union@1.0.2;MIT;https://github.com/sindresorhus/array-union
array-uniq@1.0.3;MIT;https://github.com/sindresorhus/array-uniq
array-unique@0.3.2;MIT;https://github.com/jonschlinkert/array-unique
arraybuffer.slice@0.0.7;MIT;https://github.com/rase-/arraybuffer.slice
arrify@1.0.1;MIT;https://github.com/sindresorhus/arrify
asap@2.0.6;MIT;https://github.com/kriskowal/asap
asn1.js@4.10.1;MIT;https://github.com/indutny/asn1.js
asn1@0.2.4;MIT;https://github.com/joyent/node-asn1
assert-plus@1.0.0;MIT;https://github.com/mcavage/node-assert-plus
assert@1.5.0;MIT;https://github.com/browserify/commonjs-assert
assign-symbols@1.0.0;MIT;https://github.com/jonschlinkert/assign-symbols
async-each@1.0.3;MIT;https://github.com/paulmillr/async-each
async-foreach@0.1.3;MIT*;https://github.com/cowboy/javascript-sync-async-foreach
async-limiter@1.0.1;MIT;https://github.com/strml/async-limiter
async@2.6.3;MIT;https://github.com/caolan/async
asynckit@0.4.0;MIT;https://github.com/alexindigo/asynckit
atob@2.1.2;(MIT OR Apache-2.0);git://git.coolaj86.com/coolaj86/atob.js
autoprefixer@9.4.6;MIT;https://github.com/postcss/autoprefixer
aws-sign2@0.7.0;Apache-2.0;https://github.com/mikeal/aws-sign
aws4@1.9.1;MIT;https://github.com/mhart/aws4
babel-code-frame@6.26.0;MIT;https://github.com/babel/babel/tree/master/packages/babel-code-frame
babel-generator@6.26.1;MIT;https://github.com/babel/babel/tree/master/packages/babel-generator
babel-messages@6.23.0;MIT;https://github.com/babel/babel/tree/master/packages/babel-messages
babel-runtime@6.26.0;MIT;https://github.com/babel/babel/tree/master/packages/babel-runtime
babel-template@6.26.0;MIT;https://github.com/babel/babel/tree/master/packages/babel-template
babel-traverse@6.26.0;MIT;https://github.com/babel/babel/tree/master/packages/babel-traverse
babel-types@6.26.0;MIT;https://github.com/babel/babel/tree/master/packages/babel-types
babylon@6.18.0;MIT;https://github.com/babel/babylon
backo2@1.0.2;MIT;https://github.com/mokesmokes/backo
balanced-match@1.0.0;MIT;https://github.com/juliangruber/balanced-match
base64-arraybuffer@0.1.5;MIT;https://github.com/niklasvh/base64-arraybuffer
base64-js@1.3.1;MIT;https://github.com/beatgammit/base64-js
base64id@1.0.0;MIT;https://github.com/faeldt/base64id
base@0.11.2;MIT;https://github.com/node-base/base
batch@0.6.1;MIT;https://github.com/visionmedia/batch
bcrypt-pbkdf@1.0.2;BSD-3-Clause;https://github.com/joyent/node-bcrypt-pbkdf
better-assert@1.0.2;MIT*;https://github.com/visionmedia/better-assert
big.js@5.2.2;MIT;https://github.com/MikeMcl/big.js
binary-extensions@1.13.1;MIT;https://github.com/sindresorhus/binary-extensions
bindings@1.5.0;MIT;https://github.com/TooTallNate/node-bindings
blob@0.0.5;MIT;https://github.com/webmodules/blob
block-stream@0.0.9;ISC;https://github.com/isaacs/block-stream
blocking-proxy@1.0.1;MIT;https://github.com/angular/jasminewd
bluebird@3.7.2;MIT;https://github.com/petkaantonov/bluebird
bn.js@4.11.8;MIT;https://github.com/indutny/bn.js
body-parser@1.19.0;MIT;https://github.com/expressjs/body-parser
bonjour@3.5.0;MIT;https://github.com/watson/bonjour
bootstrap@4.6.0;MIT;https://github.com/twbs/bootstrap
brace-expansion@1.1.11;MIT;https://github.com/juliangruber/brace-expansion
braces@2.3.2;MIT;https://github.com/micromatch/braces
brorand@1.1.0;MIT;https://github.com/indutny/brorand
browserify-aes@1.2.0;MIT;https://github.com/crypto-browserify/browserify-aes
browserify-cipher@1.0.1;MIT;https://github.com/crypto-browserify/browserify-cipher
browserify-des@1.0.2;MIT;https://github.com/crypto-browserify/browserify-des
browserify-rsa@4.0.1;MIT;https://github.com/crypto-browserify/browserify-rsa
browserify-sign@4.0.4;ISC;https://github.com/crypto-browserify/browserify-sign
browserify-zlib@0.2.0;MIT;https://github.com/devongovett/browserify-zlib
browserslist@4.11.1;MIT;https://github.com/browserslist/browserslist
browserstack@1.6.1;MIT;https://github.com/scottgonzalez/node-browserstack
buffer-alloc-unsafe@1.1.0;MIT;https://github.com/LinusU/buffer-alloc-unsafe
buffer-alloc@1.2.0;MIT;https://github.com/LinusU/buffer-alloc
buffer-fill@1.0.0;MIT;https://github.com/LinusU/buffer-fill
buffer-from@1.1.1;MIT;https://github.com/LinusU/buffer-from
buffer-indexof@1.1.1;MIT;https://github.com/soldair/node-buffer-indexof
buffer-xor@1.0.3;MIT;https://github.com/crypto-browserify/buffer-xor
buffer@4.9.2;MIT;https://github.com/feross/buffer
builtin-modules@1.1.1;MIT;https://github.com/sindresorhus/builtin-modules
builtin-status-codes@3.0.0;MIT;https://github.com/bendrucker/builtin-status-codes
builtins@1.0.3;MIT;https://github.com/juliangruber/builtins
bytes@3.0.0;MIT;https://github.com/visionmedia/bytes.js
bytes@3.1.0;MIT;https://github.com/visionmedia/bytes.js
cacache@11.3.3;ISC;https://github.com/zkat/cacache
cacache@12.0.4;ISC;https://github.com/npm/cacache
cache-base@1.0.1;MIT;https://github.com/jonschlinkert/cache-base
caller-callsite@2.0.0;MIT;https://github.com/sindresorhus/caller-callsite
caller-path@2.0.0;MIT;https://github.com/sindresorhus/caller-path
callsite@1.0.0;MIT*;
callsites@2.0.0;MIT;https://github.com/sindresorhus/callsites
camelcase-keys@2.1.0;MIT;https://github.com/sindresorhus/camelcase-keys
camelcase@2.1.1;MIT;https://github.com/sindresorhus/camelcase
camelcase@3.0.0;MIT;https://github.com/sindresorhus/camelcase
camelcase@4.1.0;MIT;https://github.com/sindresorhus/camelcase
camelcase@5.3.1;MIT;https://github.com/sindresorhus/camelcase
caniuse-lite@1.0.30001039;CC-BY-4.0;https://github.com/ben-eb/caniuse-lite
canonical-path@1.0.0;MIT;https://github.com/petebacondarwin/node-canonical-path
caseless@0.12.0;Apache-2.0;https://github.com/mikeal/caseless
chalk@1.1.3;MIT;https://github.com/chalk/chalk
chalk@2.4.2;MIT;https://github.com/chalk/chalk
chardet@0.7.0;MIT;https://github.com/runk/node-chardet
chokidar@2.0.4;MIT;https://github.com/paulmillr/chokidar
chokidar@2.1.8;MIT;https://github.com/paulmillr/chokidar
chownr@1.1.4;ISC;https://github.com/isaacs/chownr
chrome-trace-event@1.0.2;MIT;github.com:samccone/chrome-trace-event
cipher-base@1.0.4;MIT;https://github.com/crypto-browserify/cipher-base
circular-dependency-plugin@5.0.2;ISC;https://github.com/aackerman/circular-dependency-plugin
class-utils@0.3.6;MIT;https://github.com/jonschlinkert/class-utils
clean-css@4.2.1;MIT;https://github.com/jakubpawlowicz/clean-css
cli-cursor@2.1.0;MIT;https://github.com/sindresorhus/cli-cursor
cli-width@2.2.1;ISC;https://github.com/knownasilya/cli-width
cliui@3.2.0;ISC;https://github.com/yargs/cliui
cliui@4.1.0;ISC;https://github.com/yargs/cliui
clone-deep@2.0.2;MIT;https://github.com/jonschlinkert/clone-deep
clone@2.1.2;MIT;https://github.com/pvorb/node-clone
co@4.6.0;MIT;https://github.com/tj/co
code-point-at@1.1.0;MIT;https://github.com/sindresorhus/code-point-at
codelyzer@4.5.0;MIT;https://github.com/mgechev/codelyzer
collection-visit@1.0.0;MIT;https://github.com/jonschlinkert/collection-visit
color-convert@1.9.3;MIT;https://github.com/Qix-/color-convert
color-name@1.1.3;MIT;https://github.com/dfcreative/color-name
colors@1.1.2;MIT;https://github.com/Marak/colors.js
combined-stream@1.0.8;MIT;https://github.com/felixge/node-combined-stream
commander@2.20.3;MIT;https://github.com/tj/commander.js
commondir@1.0.1;MIT;https://github.com/substack/node-commondir
compare-versions@3.6.0;MIT;https://github.com/omichelsen/compare-versions
component-bind@1.0.0;MIT*;https://github.com/component/bind
component-emitter@1.2.1;MIT;https://github.com/component/emitter
component-emitter@1.3.0;MIT;https://github.com/component/emitter
component-inherit@0.0.3;MIT*;https://github.com/component/inherit
compressible@2.0.18;MIT;https://github.com/jshttp/compressible
compression@1.7.4;MIT;https://github.com/expressjs/compression
concat-map@0.0.1;MIT;https://github.com/substack/node-concat-map
concat-stream@1.6.2;MIT;https://github.com/maxogden/concat-stream
connect-history-api-fallback@1.6.0;MIT;https://github.com/bripkens/connect-history-api-fallback
connect@3.7.0;MIT;https://github.com/senchalabs/connect
console-browserify@1.2.0;MIT;https://github.com/browserify/console-browserify
console-control-strings@1.1.0;ISC;https://github.com/iarna/console-control-strings
constants-browserify@1.0.0;MIT;https://github.com/juliangruber/constants-browserify
content-disposition@0.5.3;MIT;https://github.com/jshttp/content-disposition
content-type@1.0.4;MIT;https://github.com/jshttp/content-type
convert-source-map@1.7.0;MIT;https://github.com/thlorenz/convert-source-map
cookie-signature@1.0.6;MIT;https://github.com/visionmedia/node-cookie-signature
cookie@0.3.1;MIT;https://github.com/jshttp/cookie
cookie@0.4.0;MIT;https://github.com/jshttp/cookie
copy-concurrently@1.0.5;ISC;https://github.com/npm/copy-concurrently
copy-descriptor@0.1.1;MIT;https://github.com/jonschlinkert/copy-descriptor
copy-webpack-plugin@5.1.1;MIT;https://github.com/webpack-contrib/copy-webpack-plugin
core-js@2.6.12;MIT;https://github.com/zloirock/core-js
core-util-is@1.0.2;MIT;https://github.com/isaacs/core-util-is
cosmiconfig@5.2.1;MIT;https://github.com/davidtheclark/cosmiconfig
create-ecdh@4.0.3;MIT;https://github.com/crypto-browserify/createECDH
create-hash@1.2.0;MIT;https://github.com/crypto-browserify/createHash
create-hmac@1.1.7;MIT;https://github.com/crypto-browserify/createHmac
cross-spawn@3.0.1;MIT;https://github.com/IndigoUnited/node-cross-spawn
cross-spawn@6.0.5;MIT;https://github.com/moxystudio/node-cross-spawn
crypto-browserify@3.12.0;MIT;https://github.com/crypto-browserify/crypto-browserify
css-parse@1.7.0;MIT;https://github.com/visionmedia/css-parse
css-selector-tokenizer@0.7.2;MIT;https://github.com/css-modules/css-selector-tokenizer
cssauron@1.4.0;MIT;https://github.com/chrisdickinson/cssauron
cssesc@3.0.0;MIT;https://github.com/mathiasbynens/cssesc
currently-unhandled@0.4.1;MIT;https://github.com/jamestalmage/currently-unhandled
custom-event@1.0.1;MIT;https://github.com/webmodules/custom-event
cyclist@1.0.1;MIT;https://github.com/mafintosh/cyclist
dashdash@1.14.1;MIT;https://github.com/trentm/node-dashdash
date-format@2.1.0;MIT;https://github.com/nomiddlename/date-format
debug@2.6.9;MIT;https://github.com/visionmedia/debug
debug@3.1.0;MIT;https://github.com/visionmedia/debug
debug@3.2.6;MIT;https://github.com/visionmedia/debug
debug@4.1.1;MIT;https://github.com/visionmedia/debug
decamelize@1.2.0;MIT;https://github.com/sindresorhus/decamelize
decamelize@2.0.0;MIT;https://github.com/sindresorhus/decamelize
decode-uri-component@0.2.0;MIT;https://github.com/SamVerschueren/decode-uri-component
deep-equal@1.1.1;MIT;https://github.com/substack/node-deep-equal
default-gateway@2.7.2;BSD-2-Clause;https://github.com/silverwind/default-gateway
default-require-extensions@2.0.0;MIT;https://github.com/avajs/default-require-extensions
define-properties@1.1.3;MIT;https://github.com/ljharb/define-properties
define-property@0.2.5;MIT;https://github.com/jonschlinkert/define-property
define-property@1.0.0;MIT;https://github.com/jonschlinkert/define-property
define-property@2.0.2;MIT;https://github.com/jonschlinkert/define-property
del@2.2.2;MIT;https://github.com/sindresorhus/del
del@3.0.0;MIT;https://github.com/sindresorhus/del
delayed-stream@1.0.0;MIT;https://github.com/felixge/node-delayed-stream
delegates@1.0.0;MIT;https://github.com/visionmedia/node-delegates
depd@1.1.2;MIT;https://github.com/dougwilson/nodejs-depd
dependency-graph@0.7.2;MIT;https://github.com/jriecken/dependency-graph
des.js@1.0.1;MIT;https://github.com/indutny/des.js
destroy@1.0.4;MIT;https://github.com/stream-utils/destroy
detect-indent@4.0.0;MIT;https://github.com/sindresorhus/detect-indent
detect-node@2.0.4;ISC;https://github.com/iliakan/detect-node
di@0.0.1;MIT;https://github.com/vojtajina/node-di
diff@3.5.0;BSD-3-Clause;https://github.com/kpdecker/jsdiff
diffie-hellman@5.0.3;MIT;https://github.com/crypto-browserify/diffie-hellman
dir-glob@2.2.2;MIT;https://github.com/kevva/dir-glob
dns-equal@1.0.0;MIT;https://github.com/watson/dns-equal
dns-packet@1.3.1;MIT;https://github.com/mafintosh/dns-packet
dns-txt@2.0.2;MIT;https://github.com/watson/dns-txt
dom-serialize@2.2.1;MIT;https://github.com/webmodules/dom-serialize
domain-browser@1.2.0;MIT;https://github.com/bevry/domain-browser
duplexify@3.7.1;MIT;https://github.com/mafintosh/duplexify
ecc-jsbn@0.1.2;MIT;https://github.com/quartzjer/ecc-jsbn
ee-first@1.1.1;MIT;https://github.com/jonathanong/ee-first
electron-to-chromium@1.3.396;ISC;https://github.com/kilian/electron-to-chromium
elliptic@6.5.2;MIT;https://github.com/indutny/elliptic
emoji-regex@7.0.3;MIT;https://github.com/mathiasbynens/emoji-regex
emojis-list@2.1.0;MIT;https://github.com/kikobeats/emojis-list
encodeurl@1.0.2;MIT;https://github.com/pillarjs/encodeurl
encoding@0.1.12;MIT;https://github.com/andris9/encoding
end-of-stream@1.4.4;MIT;https://github.com/mafintosh/end-of-stream
engine.io-client@3.2.1;MIT;https://github.com/socketio/engine.io-client
engine.io-parser@2.1.3;MIT;https://github.com/socketio/engine.io-parser
engine.io@3.2.1;MIT;https://github.com/socketio/engine.io
enhanced-resolve@4.1.0;MIT;https://github.com/webpack/enhanced-resolve
ent@2.2.0;MIT;https://github.com/substack/node-ent
err-code@1.1.2;MIT;https://github.com/IndigoUnited/js-err-code
errno@0.1.7;MIT;https://github.com/rvagg/node-errno
error-ex@1.3.2;MIT;https://github.com/qix-/node-error-ex
es-abstract@1.17.5;MIT;https://github.com/ljharb/es-abstract
es-to-primitive@1.2.1;MIT;https://github.com/ljharb/es-to-primitive
es6-promise@4.2.8;MIT;https://github.com/stefanpenner/es6-promise
es6-promisify@5.0.0;MIT;https://github.com/digitaldesignlabs/es6-promisify
escape-html@1.0.3;MIT;https://github.com/component/escape-html
escape-string-regexp@1.0.5;MIT;https://github.com/sindresorhus/escape-string-regexp
eslint-scope@4.0.3;BSD-2-Clause;https://github.com/eslint/eslint-scope
esprima@4.0.1;BSD-2-Clause;https://github.com/jquery/esprima
esrecurse@4.2.1;BSD-2-Clause;https://github.com/estools/esrecurse
estraverse@4.3.0;BSD-2-Clause;https://github.com/estools/estraverse
esutils@2.0.3;BSD-2-Clause;https://github.com/estools/esutils
etag@1.8.1;MIT;https://github.com/jshttp/etag
eventemitter3@4.0.0;MIT;https://github.com/primus/eventemitter3
events@3.1.0;MIT;https://github.com/Gozala/events
eventsource@1.0.7;MIT;https://github.com/EventSource/eventsource
evp_bytestokey@1.0.3;MIT;https://github.com/crypto-browserify/EVP_BytesToKey
execa@0.10.0;MIT;https://github.com/sindresorhus/execa
execa@1.0.0;MIT;https://github.com/sindresorhus/execa
exit@0.1.2;MIT;https://github.com/cowboy/node-exit
expand-brackets@2.1.4;MIT;https://github.com/jonschlinkert/expand-brackets
express@4.17.1;MIT;https://github.com/expressjs/express
extend-shallow@2.0.1;MIT;https://github.com/jonschlinkert/extend-shallow
extend-shallow@3.0.2;MIT;https://github.com/jonschlinkert/extend-shallow
extend@3.0.2;MIT;https://github.com/justmoon/node-extend
external-editor@3.1.0;MIT;https://github.com/mrkmg/node-external-editor
extglob@2.0.4;MIT;https://github.com/micromatch/extglob
extsprintf@1.3.0;MIT;https://github.com/davepacheco/node-extsprintf
fast-deep-equal@1.1.0;MIT;https://github.com/epoberezkin/fast-deep-equal
fast-deep-equal@2.0.1;MIT;https://github.com/epoberezkin/fast-deep-equal
fast-json-stable-stringify@2.0.0;MIT;https://github.com/epoberezkin/fast-json-stable-stringify
fastparse@1.1.2;MIT;https://github.com/webpack/fastparse
faye-websocket@0.10.0;MIT;https://github.com/faye/faye-websocket-node
faye-websocket@0.11.3;Apache-2.0;https://github.com/faye/faye-websocket-node
figgy-pudding@3.5.2;ISC;https://github.com/npm/figgy-pudding
figures@2.0.0;MIT;https://github.com/sindresorhus/figures
file-loader@3.0.1;MIT;https://github.com/webpack-contrib/file-loader
file-uri-to-path@1.0.0;MIT;https://github.com/TooTallNate/file-uri-to-path
fileset@2.0.3;MIT;https://github.com/mklabs/node-fileset
fill-range@4.0.0;MIT;https://github.com/jonschlinkert/fill-range
finalhandler@1.1.2;MIT;https://github.com/pillarjs/finalhandler
find-cache-dir@2.1.0;MIT;https://github.com/avajs/find-cache-dir
find-up@1.1.2;MIT;https://github.com/sindresorhus/find-up
find-up@2.1.0;MIT;https://github.com/sindresorhus/find-up
find-up@3.0.0;MIT;https://github.com/sindresorhus/find-up
findit@2.0.0;MIT;https://github.com/substack/node-findit
flatted@2.0.2;ISC;https://github.com/WebReflection/flatted
flush-write-stream@1.1.1;MIT;https://github.com/mafintosh/flush-write-stream
follow-redirects@1.11.0;MIT;https://github.com/follow-redirects/follow-redirects
font-awesome@4.7.0;(OFL-1.1 AND MIT);https://github.com/FortAwesome/Font-Awesome
for-in@0.1.8;MIT;https://github.com/jonschlinkert/for-in
for-in@1.0.2;MIT;https://github.com/jonschlinkert/for-in
for-own@1.0.0;MIT;https://github.com/jonschlinkert/for-own
forever-agent@0.6.1;Apache-2.0;https://github.com/mikeal/forever-agent
form-data@2.3.3;MIT;https://github.com/form-data/form-data
forwarded@0.1.2;MIT;https://github.com/jshttp/forwarded
fragment-cache@0.2.1;MIT;https://github.com/jonschlinkert/fragment-cache
fresh@0.5.2;MIT;https://github.com/jshttp/fresh
from2@2.3.0;MIT;https://github.com/hughsk/from2
fs-access@1.0.1;MIT;https://github.com/sindresorhus/fs-access
fs-extra@7.0.1;MIT;https://github.com/jprichardson/node-fs-extra
fs-minipass@1.2.7;ISC;https://github.com/npm/fs-minipass
fs-write-stream-atomic@1.0.10;ISC;https://github.com/npm/fs-write-stream-atomic
fs.realpath@1.0.0;ISC;https://github.com/isaacs/fs.realpath
fsevents@1.2.13;MIT;https://github.com/strongloop/fsevents
fstream@1.0.12;ISC;https://github.com/npm/fstream
function-bind@1.1.1;MIT;https://github.com/Raynos/function-bind
gauge@2.7.4;ISC;https://github.com/iarna/gauge
gaze@1.1.3;MIT;https://github.com/shama/gaze
genfun@5.0.0;MIT;https://github.com/zkat/genfun
get-caller-file@1.0.3;ISC;https://github.com/stefanpenner/get-caller-file
get-caller-file@2.0.5;ISC;https://github.com/stefanpenner/get-caller-file
get-stdin@4.0.1;MIT;https://github.com/sindresorhus/get-stdin
get-stream@3.0.0;MIT;https://github.com/sindresorhus/get-stream
get-stream@4.1.0;MIT;https://github.com/sindresorhus/get-stream
get-value@2.0.6;MIT;https://github.com/jonschlinkert/get-value
getpass@0.1.7;MIT;https://github.com/arekinath/node-getpass
gfufewcl@0.0.0;UNLICENSED;
glob-parent@3.1.0;ISC;https://github.com/es128/glob-parent
glob@7.0.6;ISC;https://github.com/isaacs/node-glob
glob@7.1.3;ISC;https://github.com/isaacs/node-glob
glob@7.1.6;ISC;https://github.com/isaacs/node-glob
globals@11.12.0;MIT;https://github.com/sindresorhus/globals
globals@9.18.0;MIT;https://github.com/sindresorhus/globals
globby@5.0.0;MIT;https://github.com/sindresorhus/globby
globby@6.1.0;MIT;https://github.com/sindresorhus/globby
globby@7.1.1;MIT;https://github.com/sindresorhus/globby
globule@1.3.1;MIT;https://github.com/cowboy/node-globule
graceful-fs@4.2.4;ISC;https://github.com/isaacs/node-graceful-fs
handle-thing@2.0.1;MIT;https://github.com/indutny/handle-thing
har-schema@2.0.0;ISC;https://github.com/ahmadnassri/har-schema
har-validator@5.1.3;MIT;https://github.com/ahmadnassri/node-har-validator
has-ansi@2.0.0;MIT;https://github.com/sindresorhus/has-ansi
has-binary2@1.0.3;MIT;
has-cors@1.1.0;MIT;https://github.com/component/has-cors
has-flag@3.0.0;MIT;https://github.com/sindresorhus/has-flag
has-symbols@1.0.1;MIT;https://github.com/ljharb/has-symbols
has-unicode@2.0.1;ISC;https://github.com/iarna/has-unicode
has-value@0.3.1;MIT;https://github.com/jonschlinkert/has-value
has-value@1.0.0;MIT;https://github.com/jonschlinkert/has-value
has-values@0.1.4;MIT;https://github.com/jonschlinkert/has-values
has-values@1.0.0;MIT;https://github.com/jonschlinkert/has-values
has@1.0.3;MIT;https://github.com/tarruda/has
hash-base@3.0.4;MIT;https://github.com/crypto-browserify/hash-base
hash.js@1.1.7;MIT;https://github.com/indutny/hash.js
hmac-drbg@1.0.1;MIT;https://github.com/indutny/hmac-drbg
hosted-git-info@2.8.8;ISC;https://github.com/npm/hosted-git-info
hpack.js@2.1.6;MIT;https://github.com/indutny/hpack.js
html-entities@1.2.1;MIT;https://github.com/mdevils/node-html-entities
html-escaper@2.0.2;MIT;https://github.com/WebReflection/html-escaper
http-cache-semantics@3.8.1;BSD-2-Clause;https://github.com/pornel/http-cache-semantics
http-deceiver@1.2.7;MIT;https://github.com/indutny/http-deceiver
http-errors@1.6.3;MIT;https://github.com/jshttp/http-errors
http-errors@1.7.2;MIT;https://github.com/jshttp/http-errors
http-parser-js@0.4.10;MIT;https://github.com/creationix/http-parser-js
http-proxy-agent@2.1.0;MIT;https://github.com/TooTallNate/node-http-proxy-agent
http-proxy-middleware@0.18.0;MIT;https://github.com/chimurai/http-proxy-middleware
http-proxy@1.18.0;MIT;https://github.com/http-party/node-http-proxy
http-signature@1.2.0;MIT;https://github.com/joyent/node-http-signature
https-browserify@1.0.0;MIT;https://github.com/substack/https-browserify
https-proxy-agent@2.2.4;MIT;https://github.com/TooTallNate/node-https-proxy-agent
humanize-ms@1.2.1;MIT;https://github.com/node-modules/humanize-ms
iconv-lite@0.4.24;MIT;https://github.com/ashtuchkin/iconv-lite
ieee754@1.1.13;BSD-3-Clause;https://github.com/feross/ieee754
iferr@0.1.5;MIT;https://github.com/shesek/iferr
ignore-walk@3.0.3;ISC;https://github.com/isaacs/ignore-walk
ignore@3.3.10;MIT;https://github.com/kaelzhang/node-ignore
image-size@0.5.5;MIT;https://github.com/image-size/image-size
immediate@3.0.6;MIT;https://github.com/calvinmetcalf/immediate
import-cwd@2.1.0;MIT;https://github.com/sindresorhus/import-cwd
import-fresh@2.0.0;MIT;https://github.com/sindresorhus/import-fresh
import-from@2.1.0;MIT;https://github.com/sindresorhus/import-from
import-local@2.0.0;MIT;https://github.com/sindresorhus/import-local
imurmurhash@0.1.4;MIT;https://github.com/jensyt/imurmurhash-js
in-publish@2.0.1;ISC;https://github.com/iarna/in-publish
indent-string@2.1.0;MIT;https://github.com/sindresorhus/indent-string
indexof@0.0.1;MIT*;
infer-owner@1.0.4;ISC;https://github.com/npm/infer-owner
inflight@1.0.6;ISC;https://github.com/npm/inflight
inherits@2.0.1;ISC;https://github.com/isaacs/inherits
inherits@2.0.3;ISC;https://github.com/isaacs/inherits
inherits@2.0.4;ISC;https://github.com/isaacs/inherits
ini@1.3.5;ISC;https://github.com/isaacs/ini
inquirer@6.2.1;MIT;https://github.com/SBoudrias/Inquirer.js
internal-ip@3.0.1;MIT;https://github.com/sindresorhus/internal-ip
interpret@1.2.0;MIT;https://github.com/gulpjs/interpret
invariant@2.2.4;MIT;https://github.com/zertosh/invariant
invert-kv@1.0.0;MIT;https://github.com/sindresorhus/invert-kv
invert-kv@2.0.0;MIT;https://github.com/sindresorhus/invert-kv
ip-regex@2.1.0;MIT;https://github.com/sindresorhus/ip-regex
ip@1.1.5;MIT;https://github.com/indutny/node-ip
ipaddr.js@1.9.1;MIT;https://github.com/whitequark/ipaddr.js
is-accessor-descriptor@0.1.6;MIT;https://github.com/jonschlinkert/is-accessor-descriptor
is-accessor-descriptor@1.0.0;MIT;https://github.com/jonschlinkert/is-accessor-descriptor
is-arguments@1.0.4;MIT;https://github.com/ljharb/is-arguments
is-arrayish@0.2.1;MIT;https://github.com/qix-/node-is-arrayish
is-binary-path@1.0.1;MIT;https://github.com/sindresorhus/is-binary-path
is-buffer@1.1.6;MIT;https://github.com/feross/is-buffer
is-callable@1.1.5;MIT;https://github.com/ljharb/is-callable
is-data-descriptor@0.1.4;MIT;https://github.com/jonschlinkert/is-data-descriptor
is-data-descriptor@1.0.0;MIT;https://github.com/jonschlinkert/is-data-descriptor
is-date-object@1.0.2;MIT;https://github.com/ljharb/is-date-object
is-descriptor@0.1.6;MIT;https://github.com/jonschlinkert/is-descriptor
is-descriptor@1.0.2;MIT;https://github.com/jonschlinkert/is-descriptor
is-directory@0.3.1;MIT;https://github.com/jonschlinkert/is-directory
is-extendable@0.1.1;MIT;https://github.com/jonschlinkert/is-extendable
is-extendable@1.0.1;MIT;https://github.com/jonschlinkert/is-extendable
is-extglob@2.1.1;MIT;https://github.com/jonschlinkert/is-extglob
is-finite@1.1.0;MIT;https://github.com/sindresorhus/is-finite
is-fullwidth-code-point@1.0.0;MIT;https://github.com/sindresorhus/is-fullwidth-code-point
is-fullwidth-code-point@2.0.0;MIT;https://github.com/sindresorhus/is-fullwidth-code-point
is-glob@3.1.0;MIT;https://github.com/jonschlinkert/is-glob
is-glob@4.0.1;MIT;https://github.com/micromatch/is-glob
is-number@3.0.0;MIT;https://github.com/jonschlinkert/is-number
is-path-cwd@1.0.0;MIT;https://github.com/sindresorhus/is-path-cwd
is-path-in-cwd@1.0.1;MIT;https://github.com/sindresorhus/is-path-in-cwd
is-path-inside@1.0.1;MIT;https://github.com/sindresorhus/is-path-inside
is-plain-object@2.0.4;MIT;https://github.com/jonschlinkert/is-plain-object
is-regex@1.0.5;MIT;https://github.com/ljharb/is-regex
is-stream@1.1.0;MIT;https://github.com/sindresorhus/is-stream
is-symbol@1.0.3;MIT;https://github.com/inspect-js/is-symbol
is-typedarray@1.0.0;MIT;https://github.com/hughsk/is-typedarray
is-utf8@0.2.1;MIT;https://github.com/wayfind/is-utf8
is-windows@1.0.2;MIT;https://github.com/jonschlinkert/is-windows
is-wsl@1.1.0;MIT;https://github.com/sindresorhus/is-wsl
isarray@1.0.0;MIT;https://github.com/juliangruber/isarray
isarray@2.0.1;MIT;https://github.com/juliangruber/isarray
isbinaryfile@3.0.3;MIT;https://github.com/gjtorikian/isBinaryFile
isexe@2.0.0;ISC;https://github.com/isaacs/isexe
isobject@2.1.0;MIT;https://github.com/jonschlinkert/isobject
isobject@3.0.1;MIT;https://github.com/jonschlinkert/isobject
isstream@0.1.2;MIT;https://github.com/rvagg/isstream
istanbul-api@2.1.6;BSD-3-Clause;https://github.com/istanbuljs/istanbuljs
istanbul-instrumenter-loader@3.0.1;MIT;https://github.com/webpack-contrib/istanbul-instrumenter-loader
istanbul-lib-coverage@1.2.1;BSD-3-Clause;https://github.com/istanbuljs/istanbuljs
istanbul-lib-coverage@2.0.5;BSD-3-Clause;https://github.com/istanbuljs/istanbuljs
istanbul-lib-hook@2.0.7;BSD-3-Clause;https://github.com/istanbuljs/istanbuljs
istanbul-lib-instrument@1.10.2;BSD-3-Clause;https://github.com/istanbuljs/istanbuljs
istanbul-lib-instrument@3.3.0;BSD-3-Clause;https://github.com/istanbuljs/istanbuljs
istanbul-lib-report@2.0.8;BSD-3-Clause;https://github.com/istanbuljs/istanbuljs
istanbul-lib-source-maps@3.0.6;BSD-3-Clause;https://github.com/istanbuljs/istanbuljs
istanbul-reports@2.2.7;BSD-3-Clause;https://github.com/istanbuljs/istanbuljs
jasmine-core@2.8.0;MIT;https://github.com/jasmine/jasmine
jasmine-core@2.99.1;MIT;https://github.com/jasmine/jasmine
jasmine-spec-reporter@4.2.1;Apache-2.0;https://github.com/bcaudan/jasmine-spec-reporter
jasmine@2.8.0;MIT;https://github.com/jasmine/jasmine-npm
jasminewd2@2.2.0;MIT;https://github.com/angular/jasminewd
jquery@3.6.0;MIT;https://github.com/jquery/jquery
js-base64@2.5.2;BSD-3-Clause;https://github.com/dankogai/js-base64
js-tokens@3.0.2;MIT;https://github.com/lydell/js-tokens
js-tokens@4.0.0;MIT;https://github.com/lydell/js-tokens
js-yaml@3.13.1;MIT;https://github.com/nodeca/js-yaml
jsbn@0.1.1;MIT;https://github.com/andyperlitch/jsbn
jsesc@0.5.0;MIT;https://github.com/mathiasbynens/jsesc
jsesc@1.3.0;MIT;https://github.com/mathiasbynens/jsesc
jsesc@2.5.2;MIT;https://github.com/mathiasbynens/jsesc
json-parse-better-errors@1.0.2;MIT;https://github.com/zkat/json-parse-better-errors
json-schema-traverse@0.3.1;MIT;https://github.com/epoberezkin/json-schema-traverse
json-schema-traverse@0.4.1;MIT;https://github.com/epoberezkin/json-schema-traverse
json-schema@0.2.3;AFLv2.1,BSD;https://github.com/kriszyp/json-schema
json-stringify-safe@5.0.1;ISC;https://github.com/isaacs/json-stringify-safe
json3@3.3.3;MIT;https://github.com/bestiejs/json3
json5@1.0.1;MIT;https://github.com/json5/json5
jsonfile@4.0.0;MIT;https://github.com/jprichardson/node-jsonfile
jsonparse@1.3.1;MIT;https://github.com/creationix/jsonparse
jsprim@1.4.1;MIT;https://github.com/joyent/node-jsprim
jszip@3.6.0;(MIT OR GPL-3.0);https://github.com/Stuk/jszip
karma-chrome-launcher@2.2.0;MIT;https://github.com/karma-runner/karma-chrome-launcher
karma-coverage-istanbul-reporter@2.0.6;MIT;https://github.com/mattlewis92/karma-coverage-istanbul-reporter
karma-jasmine-html-reporter@0.2.2;MIT;https://github.com/taras42/karma-jasmine-html-reporter
karma-jasmine@1.1.2;MIT;https://github.com/karma-runner/karma-jasmine
karma-source-map-support@1.3.0;MIT;https://github.com/tschaub/karma-source-map-support
karma@4.0.1;MIT;https://github.com/karma-runner/karma
killable@1.0.1;ISC;https://github.com/marten-de-vries/killable
kind-of@3.2.2;MIT;https://github.com/jonschlinkert/kind-of
kind-of@4.0.0;MIT;https://github.com/jonschlinkert/kind-of
kind-of@5.1.0;MIT;https://github.com/jonschlinkert/kind-of
kind-of@6.0.3;MIT;https://github.com/jonschlinkert/kind-of
lcid@1.0.0;MIT;https://github.com/sindresorhus/lcid
lcid@2.0.0;MIT;https://github.com/sindresorhus/lcid
less-loader@4.1.0;MIT;https://github.com/webpack-contrib/less-loader
less@3.9.0;Apache-2.0;https://github.com/less/less.js
license-extractor@1.0.4;MIT;https://github.com/arei/license-extractor
license-webpack-plugin@2.1.0;ISC;https://github.com/xz64/license-webpack-plugin
lie@3.3.0;MIT;https://github.com/calvinmetcalf/lie
load-json-file@1.1.0;MIT;https://github.com/sindresorhus/load-json-file
loader-runner@2.4.0;MIT;https://github.com/webpack/loader-runner
loader-utils@1.2.3;MIT;https://github.com/webpack/loader-utils
locate-path@2.0.0;MIT;https://github.com/sindresorhus/locate-path
locate-path@3.0.0;MIT;https://github.com/sindresorhus/locate-path
lodash.clonedeep@4.5.0;MIT;https://github.com/lodash/lodash
lodash.debounce@4.0.8;MIT;https://github.com/lodash/lodash
lodash.tail@4.1.1;MIT;https://github.com/lodash/lodash
lodash@4.17.15;MIT;https://github.com/lodash/lodash
log4js@4.5.1;Apache-2.0;https://github.com/log4js-node/log4js-node
loglevel@1.6.8;MIT;https://github.com/pimterry/loglevel
loose-envify@1.4.0;MIT;https://github.com/zertosh/loose-envify
loud-rejection@1.6.0;MIT;https://github.com/sindresorhus/loud-rejection
lru-cache@4.1.5;ISC;https://github.com/isaacs/node-lru-cache
lru-cache@5.1.1;ISC;https://github.com/isaacs/node-lru-cache
magic-string@0.25.7;MIT;https://github.com/rich-harris/magic-string
make-dir@2.1.0;MIT;https://github.com/sindresorhus/make-dir
make-error@1.3.6;ISC;https://github.com/JsCommunity/make-error
make-fetch-happen@4.0.2;ISC;https://github.com/zkat/make-fetch-happen
map-age-cleaner@0.1.3;MIT;https://github.com/SamVerschueren/map-age-cleaner
map-cache@0.2.2;MIT;https://github.com/jonschlinkert/map-cache
map-obj@1.0.1;MIT;https://github.com/sindresorhus/map-obj
map-visit@1.0.0;MIT;https://github.com/jonschlinkert/map-visit
md5.js@1.3.5;MIT;https://github.com/crypto-browserify/md5.js
media-typer@0.3.0;MIT;https://github.com/jshttp/media-typer
mem@4.3.0;MIT;https://github.com/sindresorhus/mem
memory-fs@0.4.1;MIT;https://github.com/webpack/memory-fs
meow@3.7.0;MIT;https://github.com/sindresorhus/meow
merge-descriptors@1.0.1;MIT;https://github.com/component/merge-descriptors
methods@1.1.2;MIT;https://github.com/jshttp/methods
micromatch@3.1.10;MIT;https://github.com/micromatch/micromatch
miller-rabin@4.0.1;MIT;https://github.com/indutny/miller-rabin
mime-db@1.44.0;MIT;https://github.com/jshttp/mime-db
mime-types@2.1.27;MIT;https://github.com/jshttp/mime-types
mime@1.6.0;MIT;https://github.com/broofa/node-mime
mime@2.4.4;MIT;https://github.com/broofa/node-mime
mimic-fn@1.2.0;MIT;https://github.com/sindresorhus/mimic-fn
mimic-fn@2.1.0;MIT;https://github.com/sindresorhus/mimic-fn
mini-css-extract-plugin@0.5.0;MIT;https://github.com/webpack-contrib/mini-css-extract-plugin
minimalistic-assert@1.0.1;ISC;https://github.com/calvinmetcalf/minimalistic-assert
minimalistic-crypto-utils@1.0.1;MIT;https://github.com/indutny/minimalistic-crypto-utils
minimatch@3.0.4;ISC;https://github.com/isaacs/minimatch
minimist@0.0.10;MIT;https://github.com/substack/minimist
minimist@1.2.5;MIT;https://github.com/substack/minimist
minipass@2.9.0;ISC;https://github.com/isaacs/minipass
minizlib@1.3.3;MIT;https://github.com/isaacs/minizlib
mississippi@3.0.0;BSD-2-Clause;https://github.com/maxogden/mississippi
mixin-deep@1.3.2;MIT;https://github.com/jonschlinkert/mixin-deep
mixin-object@2.0.1;MIT;https://github.com/jonschlinkert/mixin-object
mkdirp@0.5.5;MIT;https://github.com/substack/node-mkdirp
move-concurrently@1.0.1;ISC;https://github.com/npm/move-concurrently
ms@2.0.0;MIT;https://github.com/zeit/ms
ms@2.1.1;MIT;https://github.com/zeit/ms
ms@2.1.2;MIT;https://github.com/zeit/ms
multicast-dns-service-types@1.1.0;MIT;https://github.com/mafintosh/multicast-dns-service-types
multicast-dns@6.2.3;MIT;https://github.com/mafintosh/multicast-dns
mute-stream@0.0.7;ISC;https://github.com/isaacs/mute-stream
nan@2.14.1;MIT;https://github.com/nodejs/nan
nanomatch@1.2.13;MIT;https://github.com/micromatch/nanomatch
negotiator@0.6.2;MIT;https://github.com/jshttp/negotiator
neo-async@2.6.1;MIT;https://github.com/suguru03/neo-async
ng2-completer@9.0.1;MIT;https://github.com/oferh/ng2-completer
ng2-smart-table@1.7.2;MIT;
nice-try@1.0.5;MIT;https://github.com/electerious/nice-try
node-fetch-npm@2.0.4;MIT;https://github.com/npm/node-fetch-npm
node-forge@0.9.0;(BSD-3-Clause OR GPL-2.0);https://github.com/digitalbazaar/forge
node-gyp@3.8.0;MIT;https://github.com/nodejs/node-gyp
node-libs-browser@2.2.1;MIT;https://github.com/webpack/node-libs-browser
node-releases@1.1.53;MIT;https://github.com/chicoxyzzy/node-releases
node-sass@4.13.1;MIT;https://github.com/sass/node-sass
nopt@3.0.6;ISC;https://github.com/npm/nopt
normalize-package-data@2.5.0;BSD-2-Clause;https://github.com/npm/normalize-package-data
normalize-path@2.1.1;MIT;https://github.com/jonschlinkert/normalize-path
normalize-path@3.0.0;MIT;https://github.com/jonschlinkert/normalize-path
normalize-range@0.1.2;MIT;https://github.com/jamestalmage/normalize-range
npm-bundled@1.1.1;ISC;https://github.com/npm/npm-bundled
npm-normalize-package-bin@1.0.1;ISC;https://github.com/npm/npm-normalize-package-bin
npm-package-arg@6.1.0;ISC;https://github.com/npm/npm-package-arg
npm-packlist@1.4.8;ISC;https://github.com/npm/npm-packlist
npm-pick-manifest@2.2.3;ISC;https://github.com/zkat/npm-pick-manifest
npm-registry-fetch@3.9.1;ISC;https://github.com/npm/registry-fetch
npm-run-path@2.0.2;MIT;https://github.com/sindresorhus/npm-run-path
npmlog@4.1.2;ISC;https://github.com/npm/npmlog
null-check@1.0.0;MIT;https://github.com/sindresorhus/null-check
num2fraction@1.2.2;MIT;https://github.com/yisibl/num2fraction
number-is-nan@1.0.1;MIT;https://github.com/sindresorhus/number-is-nan
oauth-sign@0.9.0;Apache-2.0;https://github.com/mikeal/oauth-sign
object-assign@4.1.1;MIT;https://github.com/sindresorhus/object-assign
object-component@0.0.3;MIT*;
object-copy@0.1.0;MIT;https://github.com/jonschlinkert/object-copy
object-inspect@1.7.0;MIT;https://github.com/substack/object-inspect
object-is@1.0.2;MIT;https://github.com/es-shims/object-is
object-keys@1.1.1;MIT;https://github.com/ljharb/object-keys
object-visit@1.0.1;MIT;https://github.com/jonschlinkert/object-visit
object.assign@4.1.0;MIT;https://github.com/ljharb/object.assign
object.pick@1.3.0;MIT;https://github.com/jonschlinkert/object.pick
obuf@1.1.2;MIT;https://github.com/indutny/offset-buffer
on-finished@2.3.0;MIT;https://github.com/jshttp/on-finished
on-headers@1.0.2;MIT;https://github.com/jshttp/on-headers
once@1.4.0;ISC;https://github.com/isaacs/once
onetime@2.0.1;MIT;https://github.com/sindresorhus/onetime
open@6.0.0;MIT;https://github.com/sindresorhus/open
opn@5.5.0;MIT;https://github.com/sindresorhus/opn
optimist@0.6.1;MIT*;https://github.com/substack/node-optimist
original@1.0.2;MIT;https://github.com/unshiftio/original
os-browserify@0.3.0;MIT;https://github.com/CoderPuppy/os-browserify
os-homedir@1.0.2;MIT;https://github.com/sindresorhus/os-homedir
os-locale@1.4.0;MIT;https://github.com/sindresorhus/os-locale
os-locale@3.1.0;MIT;https://github.com/sindresorhus/os-locale
os-tmpdir@1.0.2;MIT;https://github.com/sindresorhus/os-tmpdir
osenv@0.1.5;ISC;https://github.com/npm/osenv
p-defer@1.0.0;MIT;https://github.com/sindresorhus/p-defer
p-finally@1.0.0;MIT;https://github.com/sindresorhus/p-finally
p-is-promise@2.1.0;MIT;https://github.com/sindresorhus/p-is-promise
p-limit@1.3.0;MIT;https://github.com/sindresorhus/p-limit
p-limit@2.2.2;MIT;https://github.com/sindresorhus/p-limit
p-limit@2.3.0;MIT;https://github.com/sindresorhus/p-limit
p-locate@2.0.0;MIT;https://github.com/sindresorhus/p-locate
p-locate@3.0.0;MIT;https://github.com/sindresorhus/p-locate
p-map@1.2.0;MIT;https://github.com/sindresorhus/p-map
p-try@1.0.0;MIT;https://github.com/sindresorhus/p-try
p-try@2.2.0;MIT;https://github.com/sindresorhus/p-try
pacote@9.4.0;MIT;https://github.com/zkat/pacote
pako@1.0.11;(MIT AND Zlib);https://github.com/nodeca/pako
parallel-transform@1.2.0;MIT;https://github.com/mafintosh/parallel-transform
parse-asn1@5.1.5;ISC;https://github.com/crypto-browserify/parse-asn1
parse-json@2.2.0;MIT;https://github.com/sindresorhus/parse-json
parse-json@4.0.0;MIT;https://github.com/sindresorhus/parse-json
parse5@4.0.0;MIT;https://github.com/inikulin/parse5
parseqs@0.0.5;MIT;https://github.com/get/querystring
parseuri@0.0.5;MIT;https://github.com/get/parseuri
parseurl@1.3.3;MIT;https://github.com/pillarjs/parseurl
pascalcase@0.1.1;MIT;https://github.com/jonschlinkert/pascalcase
path-browserify@0.0.1;MIT;https://github.com/substack/path-browserify
path-dirname@1.0.2;MIT;https://github.com/es128/path-dirname
path-exists@2.1.0;MIT;https://github.com/sindresorhus/path-exists
path-exists@3.0.0;MIT;https://github.com/sindresorhus/path-exists
path-is-absolute@1.0.1;MIT;https://github.com/sindresorhus/path-is-absolute
path-is-inside@1.0.2;(WTFPL OR MIT);https://github.com/domenic/path-is-inside
path-key@2.0.1;MIT;https://github.com/sindresorhus/path-key
path-parse@1.0.6;MIT;https://github.com/jbgutierrez/path-parse
path-to-regexp@0.1.7;MIT;https://github.com/component/path-to-regexp
path-type@1.1.0;MIT;https://github.com/sindresorhus/path-type
path-type@3.0.0;MIT;https://github.com/sindresorhus/path-type
pbkdf2@3.0.17;MIT;https://github.com/crypto-browserify/pbkdf2
performance-now@2.1.0;MIT;https://github.com/braveg1rl/performance-now
pify@2.3.0;MIT;https://github.com/sindresorhus/pify
pify@3.0.0;MIT;https://github.com/sindresorhus/pify
pify@4.0.1;MIT;https://github.com/sindresorhus/pify
pinkie-promise@2.0.1;MIT;https://github.com/floatdrop/pinkie-promise
pinkie@2.0.4;MIT;https://github.com/floatdrop/pinkie
pkg-dir@3.0.0;MIT;https://github.com/sindresorhus/pkg-dir
pkg-up@2.0.0;MIT;https://github.com/sindresorhus/pkg-up
portfinder@1.0.25;MIT;https://github.com/indexzero/node-portfinder
posix-character-classes@0.1.1;MIT;https://github.com/jonschlinkert/posix-character-classes
postcss-import@12.0.1;MIT;https://github.com/postcss/postcss-import
postcss-load-config@2.1.0;MIT;https://github.com/michael-ciniawsky/postcss-load-config
postcss-loader@3.0.0;MIT;https://github.com/postcss/postcss-loader
postcss-value-parser@3.3.1;MIT;https://github.com/TrySound/postcss-value-parser
postcss@7.0.14;MIT;https://github.com/postcss/postcss
process-nextick-args@2.0.1;MIT;https://github.com/calvinmetcalf/process-nextick-args
process@0.11.10;MIT;https://github.com/shtylman/node-process
promise-inflight@1.0.1;ISC;https://github.com/iarna/promise-inflight
promise-retry@1.1.1;MIT;https://github.com/IndigoUnited/node-promise-retry
promise@7.3.1;MIT;https://github.com/then/promise
protoduck@5.0.1;MIT;https://github.com/zkat/protoduck
protractor@5.4.4;MIT;https://github.com/angular/protractor
proxy-addr@2.0.6;MIT;https://github.com/jshttp/proxy-addr
prr@1.0.1;MIT;https://github.com/rvagg/prr
pseudomap@1.0.2;ISC;https://github.com/isaacs/pseudomap
psl@1.8.0;MIT;https://github.com/lupomontero/psl
public-encrypt@4.0.3;MIT;https://github.com/crypto-browserify/publicEncrypt
pump@2.0.1;MIT;https://github.com/mafintosh/pump
pump@3.0.0;MIT;https://github.com/mafintosh/pump
pumpify@1.5.1;MIT;https://github.com/mafintosh/pumpify
punycode@1.3.2;MIT;https://github.com/bestiejs/punycode.js
punycode@1.4.1;MIT;https://github.com/bestiejs/punycode.js
punycode@2.1.1;MIT;https://github.com/bestiejs/punycode.js
q@1.4.1;MIT;https://github.com/kriskowal/q
qjobs@1.2.0;MIT;https://github.com/franck34/qjobs
qs@6.5.2;BSD-3-Clause;https://github.com/ljharb/qs
qs@6.7.0;BSD-3-Clause;https://github.com/ljharb/qs
querystring-es3@0.2.1;MIT;https://github.com/mike-spainhower/querystring
querystring@0.2.0;MIT;https://github.com/Gozala/querystring
querystringify@2.1.1;MIT;https://github.com/unshiftio/querystringify
randombytes@2.1.0;MIT;https://github.com/crypto-browserify/randombytes
randomfill@1.0.4;MIT;https://github.com/crypto-browserify/randomfill
range-parser@1.2.1;MIT;https://github.com/jshttp/range-parser
raw-body@2.4.0;MIT;https://github.com/stream-utils/raw-body
raw-loader@1.0.0;MIT;https://github.com/webpack-contrib/raw-loader
read-cache@1.0.0;MIT;https://github.com/TrySound/read-cache
read-pkg-up@1.0.1;MIT;https://github.com/sindresorhus/read-pkg-up
read-pkg@1.1.0;MIT;https://github.com/sindresorhus/read-pkg
readable-stream@2.3.7;MIT;https://github.com/nodejs/readable-stream
readable-stream@3.6.0;MIT;https://github.com/nodejs/readable-stream
readdirp@2.2.1;MIT;https://github.com/paulmillr/readdirp
rechoir@0.6.2;MIT;https://github.com/tkellen/node-rechoir
redent@1.0.0;MIT;https://github.com/sindresorhus/redent
reflect-metadata@0.1.13;Apache-2.0;https://github.com/rbuckton/reflect-metadata
regenerate-unicode-properties@8.2.0;MIT;https://github.com/mathiasbynens/regenerate-unicode-properties
regenerate@1.4.0;MIT;https://github.com/mathiasbynens/regenerate
regenerator-runtime@0.11.1;MIT;https://github.com/facebook/regenerator/tree/master/packages/regenerator-runtime
regex-not@1.0.2;MIT;https://github.com/jonschlinkert/regex-not
regexp.prototype.flags@1.3.0;MIT;https://github.com/es-shims/RegExp.prototype.flags
regexpu-core@4.7.0;MIT;https://github.com/mathiasbynens/regexpu-core
regjsgen@0.5.1;MIT;https://github.com/bnjmnt4n/regjsgen
regjsparser@0.6.4;BSD-2-Clause;https://github.com/jviereck/regjsparser
remove-trailing-separator@1.1.0;ISC;https://github.com/darsain/remove-trailing-separator
repeat-element@1.1.3;MIT;https://github.com/jonschlinkert/repeat-element
repeat-string@1.6.1;MIT;https://github.com/jonschlinkert/repeat-string
repeating@2.0.1;MIT;https://github.com/sindresorhus/repeating
request@2.88.2;Apache-2.0;https://github.com/request/request
require-directory@2.1.1;MIT;https://github.com/troygoode/node-require-directory
require-main-filename@1.0.1;ISC;https://github.com/yargs/require-main-filename
require-main-filename@2.0.0;ISC;https://github.com/yargs/require-main-filename
requires-port@1.0.0;MIT;https://github.com/unshiftio/requires-port
resolve-cwd@2.0.0;MIT;https://github.com/sindresorhus/resolve-cwd
resolve-from@3.0.0;MIT;https://github.com/sindresorhus/resolve-from
resolve-url@0.2.1;MIT;https://github.com/lydell/resolve-url
resolve@1.17.0;MIT;https://github.com/browserify/resolve
restore-cursor@2.0.0;MIT;https://github.com/sindresorhus/restore-cursor
ret@0.1.15;MIT;https://github.com/fent/ret.js
retry@0.10.1;MIT;https://github.com/tim-kos/node-retry
rfdc@1.1.4;MIT;https://github.com/davidmarkclements/rfdc
rimraf@2.7.1;ISC;https://github.com/isaacs/rimraf
ripemd160@2.0.2;MIT;https://github.com/crypto-browserify/ripemd160
run-async@2.4.1;MIT;https://github.com/SBoudrias/run-async
run-queue@1.0.3;ISC;https://github.com/iarna/run-queue
rxjs@6.3.3;Apache-2.0;https://github.com/reactivex/rxjs
rxjs@6.6.7;Apache-2.0;https://github.com/reactivex/rxjs
safe-buffer@5.1.2;MIT;https://github.com/feross/safe-buffer
safe-regex@1.1.0;MIT;https://github.com/substack/safe-regex
safer-buffer@2.1.2;MIT;https://github.com/ChALkeR/safer-buffer
sass-graph@2.2.4;MIT;https://github.com/xzyfer/sass-graph
sass-loader@7.1.0;MIT;https://github.com/webpack-contrib/sass-loader
saucelabs@1.5.0;MIT*;https://github.com/holidayextras/node-saucelabs
sax@0.5.8;BSD*;https://github.com/isaacs/sax-js
sax@1.2.4;ISC;https://github.com/isaacs/sax-js
schema-utils@0.3.0;MIT;https://github.com/webpack-contrib/schema-utils
schema-utils@0.4.7;MIT;https://github.com/webpack-contrib/schema-utils
schema-utils@1.0.0;MIT;https://github.com/webpack-contrib/schema-utils
scss-tokenizer@0.2.3;MIT;https://github.com/sasstools/scss-tokenizer
select-hose@2.0.0;MIT;https://github.com/indutny/select-hose
selenium-webdriver@3.6.0;Apache-2.0;https://github.com/SeleniumHQ/selenium
selfsigned@1.10.7;MIT;https://github.com/jfromaniello/selfsigned
semver-dsl@1.0.1;MIT;https://github.com/mgechev/semver-dsl
semver-intersect@1.4.0;MIT;https://github.com/snyamathi/semver-intersect
semver@5.3.0;ISC;https://github.com/npm/node-semver
semver@5.6.0;ISC;https://github.com/npm/node-semver
semver@6.3.0;ISC;https://github.com/npm/node-semver
send@0.17.1;MIT;https://github.com/pillarjs/send
serialize-javascript@2.1.2;BSD-3-Clause;https://github.com/yahoo/serialize-javascript
serve-index@1.9.1;MIT;https://github.com/expressjs/serve-index
serve-static@1.14.1;MIT;https://github.com/expressjs/serve-static
set-blocking@2.0.0;ISC;https://github.com/yargs/set-blocking
set-immediate-shim@1.0.1;MIT;https://github.com/sindresorhus/set-immediate-shim
set-value@2.0.1;MIT;https://github.com/jonschlinkert/set-value
setimmediate@1.0.5;MIT;https://github.com/YuzuJS/setImmediate
setprototypeof@1.1.0;ISC;https://github.com/wesleytodd/setprototypeof
setprototypeof@1.1.1;ISC;https://github.com/wesleytodd/setprototypeof
sha.js@2.4.11;(MIT AND BSD-3-Clause);https://github.com/crypto-browserify/sha.js
shallow-clone@1.0.0;MIT;https://github.com/jonschlinkert/shallow-clone
shebang-command@1.2.0;MIT;https://github.com/kevva/shebang-command
shebang-regex@1.0.0;MIT;https://github.com/sindresorhus/shebang-regex
shelljs@0.8.3;BSD-3-Clause;https://github.com/shelljs/shelljs
signal-exit@3.0.3;ISC;https://github.com/tapjs/signal-exit
slash@1.0.0;MIT;https://github.com/sindresorhus/slash
smart-buffer@4.1.0;MIT;https://github.com/JoshGlazebrook/smart-buffer
snapdragon-node@2.1.1;MIT;https://github.com/jonschlinkert/snapdragon-node
snapdragon-util@3.0.1;MIT;https://github.com/jonschlinkert/snapdragon-util
snapdragon@0.8.2;MIT;https://github.com/jonschlinkert/snapdragon
socket.io-adapter@1.1.2;MIT;https://github.com/socketio/socket.io-adapter
socket.io-client@2.1.1;MIT;https://github.com/Automattic/socket.io-client
socket.io-parser@3.2.0;MIT;https://github.com/Automattic/socket.io-parser
socket.io@2.1.1;MIT;https://github.com/socketio/socket.io
sockjs-client@1.3.0;MIT;https://github.com/sockjs/sockjs-client
sockjs@0.3.19;MIT;https://github.com/sockjs/sockjs-node
socks-proxy-agent@4.0.2;MIT;https://github.com/TooTallNate/node-socks-proxy-agent
socks@2.3.3;MIT;https://github.com/JoshGlazebrook/socks
source-list-map@0.1.8;MIT;https://github.com/webpack/source-list-map
source-list-map@2.0.1;MIT;https://github.com/webpack/source-list-map
source-map-loader@0.2.4;MIT;https://github.com/webpack-contrib/source-map-loader
source-map-resolve@0.5.3;MIT;https://github.com/lydell/source-map-resolve
source-map-support@0.4.18;MIT;https://github.com/evanw/node-source-map-support
source-map-support@0.5.10;MIT;https://github.com/evanw/node-source-map-support
source-map-support@0.5.19;MIT;https://github.com/evanw/node-source-map-support
source-map-url@0.4.0;MIT;https://github.com/lydell/source-map-url
source-map@0.1.43;BSD;https://github.com/mozilla/source-map
source-map@0.4.4;BSD-3-Clause;https://github.com/mozilla/source-map
source-map@0.5.6;BSD-3-Clause;https://github.com/mozilla/source-map
source-map@0.5.7;BSD-3-Clause;https://github.com/mozilla/source-map
source-map@0.6.1;BSD-3-Clause;https://github.com/mozilla/source-map
source-map@0.7.3;BSD-3-Clause;https://github.com/mozilla/source-map
sourcemap-codec@1.4.8;MIT;https://github.com/Rich-Harris/sourcemap-codec
spdx-correct@3.1.0;Apache-2.0;https://github.com/jslicense/spdx-correct.js
spdx-exceptions@2.3.0;CC-BY-3.0;https://github.com/kemitchell/spdx-exceptions.json
spdx-expression-parse@3.0.1;MIT;https://github.com/jslicense/spdx-expression-parse.js
spdx-license-ids@3.0.5;CC0-1.0;https://github.com/shinnn/spdx-license-ids
spdy-transport@3.0.0;MIT;https://github.com/spdy-http2/spdy-transport
spdy@4.0.2;MIT;https://github.com/indutny/node-spdy
speed-measure-webpack-plugin@1.3.1;MIT;https://github.com/stephencookdev/speed-measure-webpack-plugin
split-string@3.1.0;MIT;https://github.com/jonschlinkert/split-string
sprintf-js@1.0.3;BSD-3-Clause;https://github.com/alexei/sprintf.js
sprintf-js@1.1.2;BSD-3-Clause;https://github.com/alexei/sprintf.js
sshpk@1.16.1;MIT;https://github.com/joyent/node-sshpk
ssri@6.0.1;ISC;https://github.com/zkat/ssri
static-extend@0.1.2;MIT;https://github.com/jonschlinkert/static-extend
stats-webpack-plugin@0.7.0;MIT;https://github.com/unindented/stats-webpack-plugin
statuses@1.5.0;MIT;https://github.com/jshttp/statuses
stdout-stream@1.4.1;MIT;https://github.com/mafintosh/stdout-stream
stream-browserify@2.0.2;MIT;https://github.com/browserify/stream-browserify
stream-each@1.2.3;MIT;https://github.com/mafintosh/stream-each
stream-http@2.8.3;MIT;https://github.com/jhiesey/stream-http
stream-shift@1.0.1;MIT;https://github.com/mafintosh/stream-shift
streamroller@1.0.6;MIT;https://github.com/nomiddlename/streamroller
string-width@1.0.2;MIT;https://github.com/sindresorhus/string-width
string-width@2.1.1;MIT;https://github.com/sindresorhus/string-width
string-width@3.1.0;MIT;https://github.com/sindresorhus/string-width
string.prototype.trimend@1.0.1;MIT;https://github.com/es-shims/String.prototype.trimEnd
string.prototype.trimleft@2.1.2;MIT;https://github.com/es-shims/String.prototype.trimLeft
string.prototype.trimright@2.1.2;MIT;https://github.com/es-shims/String.prototype.trimRight
string.prototype.trimstart@1.0.1;MIT;https://github.com/es-shims/String.prototype.trimStart
string_decoder@1.1.1;MIT;https://github.com/nodejs/string_decoder
strip-ansi@3.0.1;MIT;https://github.com/chalk/strip-ansi
strip-ansi@4.0.0;MIT;https://github.com/chalk/strip-ansi
strip-ansi@5.2.0;MIT;https://github.com/chalk/strip-ansi
strip-bom@2.0.0;MIT;https://github.com/sindresorhus/strip-bom
strip-bom@3.0.0;MIT;https://github.com/sindresorhus/strip-bom
strip-eof@1.0.0;MIT;https://github.com/sindresorhus/strip-eof
strip-indent@1.0.1;MIT;https://github.com/sindresorhus/strip-indent
style-loader@0.23.1;MIT;https://github.com/webpack-contrib/style-loader
stylus-loader@3.0.2;MIT;https://github.com/shama/stylus-loader
stylus@0.54.5;MIT;https://github.com/stylus/stylus
supports-color@2.0.0;MIT;https://github.com/chalk/supports-color
supports-color@5.5.0;MIT;https://github.com/chalk/supports-color
supports-color@6.1.0;MIT;https://github.com/chalk/supports-color
symbol-observable@1.2.0;MIT;https://github.com/blesh/symbol-observable
tapable@1.1.3;MIT;https://github.com/webpack/tapable
tar@2.2.2;ISC;https://github.com/isaacs/node-tar
tar@4.4.13;ISC;https://github.com/npm/node-tar
terser-webpack-plugin@1.4.3;MIT;https://github.com/webpack-contrib/terser-webpack-plugin
terser@4.6.13;BSD-2-Clause;https://github.com/terser/terser
through2@2.0.5;MIT;https://github.com/rvagg/through2
through@2.3.8;MIT;https://github.com/dominictarr/through
thunky@1.1.0;MIT;https://github.com/mafintosh/thunky
timers-browserify@2.0.11;MIT;https://github.com/jryans/timers-browserify
tmp@0.0.30;MIT;https://github.com/raszi/node-tmp
tmp@0.0.33;MIT;https://github.com/raszi/node-tmp
to-array@0.1.4;MIT;https://github.com/Raynos/to-array
to-arraybuffer@1.0.1;MIT;https://github.com/jhiesey/to-arraybuffer
to-fast-properties@1.0.3;MIT;https://github.com/sindresorhus/to-fast-properties
to-fast-properties@2.0.0;MIT;https://github.com/sindresorhus/to-fast-properties
to-object-path@0.3.0;MIT;https://github.com/jonschlinkert/to-object-path
to-regex-range@2.1.1;MIT;https://github.com/micromatch/to-regex-range
to-regex@3.0.2;MIT;https://github.com/jonschlinkert/to-regex
toidentifier@1.0.0;MIT;https://github.com/component/toidentifier
tough-cookie@2.5.0;BSD-3-Clause;https://github.com/salesforce/tough-cookie
tree-kill@1.2.2;MIT;https://github.com/pkrumins/node-tree-kill
trim-newlines@1.0.0;MIT;https://github.com/sindresorhus/trim-newlines
trim-right@1.0.1;MIT;https://github.com/sindresorhus/trim-right
true-case-path@1.0.3;Apache-2.0;https://github.com/barsh/true-case-path
ts-node@7.0.1;MIT;https://github.com/TypeStrong/ts-node
tslib@1.14.1;0BSD;https://github.com/Microsoft/tslib
tslib@2.2.0;0BSD;https://github.com/Microsoft/tslib
tslint@5.11.0;Apache-2.0;https://github.com/palantir/tslint
tsutils@2.29.0;MIT;https://github.com/ajafff/tsutils
tty-browserify@0.0.0;MIT;https://github.com/substack/tty-browserify
tunnel-agent@0.6.0;Apache-2.0;https://github.com/mikeal/tunnel-agent
tweetnacl@0.14.5;Unlicense;https://github.com/dchest/tweetnacl-js
type-is@1.6.18;MIT;https://github.com/jshttp/type-is
typedarray@0.0.6;MIT;https://github.com/substack/typedarray
typescript@3.2.4;Apache-2.0;https://github.com/Microsoft/TypeScript
ultron@1.1.1;MIT;https://github.com/unshiftio/ultron
unicode-canonical-property-names-ecmascript@1.0.4;MIT;https://github.com/mathiasbynens/unicode-canonical-property-names-ecmascript
unicode-match-property-ecmascript@1.0.4;MIT;https://github.com/mathiasbynens/unicode-match-property-ecmascript
unicode-match-property-value-ecmascript@1.2.0;MIT;https://github.com/mathiasbynens/unicode-match-property-value-ecmascript
unicode-property-aliases-ecmascript@1.1.0;MIT;https://github.com/mathiasbynens/unicode-property-aliases-ecmascript
union-value@1.0.1;MIT;https://github.com/jonschlinkert/union-value
unique-filename@1.1.1;ISC;https://github.com/iarna/unique-filename
unique-slug@2.0.2;ISC;https://github.com/iarna/unique-slug
universalify@0.1.2;MIT;https://github.com/RyanZim/universalify
unpipe@1.0.0;MIT;https://github.com/stream-utils/unpipe
unset-value@1.0.0;MIT;https://github.com/jonschlinkert/unset-value
upath@1.2.0;MIT;https://github.com/anodynos/upath
uri-js@4.2.2;BSD-2-Clause;https://github.com/garycourt/uri-js
urix@0.1.0;MIT;https://github.com/lydell/urix
url-parse@1.4.7;MIT;https://github.com/unshiftio/url-parse
url@0.11.0;MIT;https://github.com/defunctzombie/node-url
use@3.1.1;MIT;https://github.com/jonschlinkert/use
useragent@2.3.0;MIT;https://github.com/3rd-Eden/useragent
util-deprecate@1.0.2;MIT;https://github.com/TooTallNate/util-deprecate
util@0.10.3;MIT;https://github.com/defunctzombie/node-util
util@0.11.1;MIT;https://github.com/defunctzombie/node-util
utils-merge@1.0.1;MIT;https://github.com/jaredhanson/utils-merge
uuid@3.4.0;MIT;https://github.com/uuidjs/uuid
validate-npm-package-license@3.0.4;Apache-2.0;https://github.com/kemitchell/validate-npm-package-license.js
validate-npm-package-name@3.0.0;ISC;https://github.com/npm/validate-npm-package-name
vary@1.1.2;MIT;https://github.com/jshttp/vary
verror@1.10.0;MIT;https://github.com/davepacheco/node-verror
vm-browserify@1.1.2;MIT;https://github.com/substack/vm-browserify
void-elements@2.0.1;MIT;https://github.com/hemanth/void-elements
watchpack@1.6.1;MIT;https://github.com/webpack/watchpack
wbuf@1.7.3;MIT;https://github.com/indutny/wbuf
webdriver-js-extender@2.1.0;MIT;https://github.com/angular/webdriver-js-extender
webdriver-manager@12.1.8;MIT;https://github.com/angular/webdriver-manager
webpack-core@0.6.9;MIT;https://github.com/webpack/core
webpack-dev-middleware@3.4.0;MIT;https://github.com/webpack/webpack-dev-middleware
webpack-dev-middleware@3.5.1;MIT;https://github.com/webpack/webpack-dev-middleware
webpack-dev-server@3.1.14;MIT;https://github.com/webpack/webpack-dev-server
webpack-log@2.0.0;MIT;https://github.com/webpack-contrib/webpack-log
webpack-merge@4.2.1;MIT;https://github.com/survivejs/webpack-merge
webpack-sources@1.3.0;MIT;https://github.com/webpack/webpack-sources
webpack-sources@1.4.3;MIT;https://github.com/webpack/webpack-sources
webpack-subresource-integrity@1.1.0-rc.6;MIT;https://github.com/waysact/webpack-subresource-integrity
webpack@4.29.0;MIT;https://github.com/webpack/webpack
websocket-driver@0.7.3;Apache-2.0;https://github.com/faye/websocket-driver-node
websocket-extensions@0.1.3;MIT;https://github.com/faye/websocket-extensions-node
when@3.6.4;MIT;https://github.com/cujojs/when
which-module@1.0.0;ISC;https://github.com/nexdrew/which-module
which-module@2.0.0;ISC;https://github.com/nexdrew/which-module
which@1.3.1;ISC;https://github.com/isaacs/node-which
wide-align@1.1.3;ISC;https://github.com/iarna/wide-align
wordwrap@0.0.3;MIT;https://github.com/substack/node-wordwrap
worker-farm@1.7.0;MIT;https://github.com/rvagg/node-worker-farm
wrap-ansi@2.1.0;MIT;https://github.com/chalk/wrap-ansi
wrappy@1.0.2;ISC;https://github.com/npm/wrappy
ws@3.3.3;MIT;https://github.com/websockets/ws
xml2js@0.4.23;MIT;https://github.com/Leonidas-from-XIV/node-xml2js
xmlbuilder@11.0.1;MIT;https://github.com/oozcitak/xmlbuilder-js
xmlhttprequest-ssl@1.5.5;MIT;https://github.com/mjwwit/node-XMLHttpRequest
xregexp@4.0.0;MIT;https://github.com/slevithan/xregexp
xtend@4.0.2;MIT;https://github.com/Raynos/xtend
y18n@3.2.1;ISC;https://github.com/yargs/y18n
y18n@4.0.0;ISC;https://github.com/yargs/y18n
yallist@2.1.2;ISC;https://github.com/isaacs/yallist
yallist@3.1.1;ISC;https://github.com/isaacs/yallist
yargs-parser@10.1.0;ISC;https://github.com/yargs/yargs-parser
yargs-parser@11.1.1;ISC;https://github.com/yargs/yargs-parser
yargs-parser@13.1.2;ISC;https://github.com/yargs/yargs-parser
yargs-parser@5.0.0;ISC;https://github.com/yargs/yargs-parser
yargs@12.0.2;MIT;https://github.com/yargs/yargs
yargs@12.0.5;MIT;https://github.com/yargs/yargs
yargs@13.1.0;MIT;https://github.com/yargs/yargs
yargs@7.1.0;MIT;https://github.com/yargs/yargs
yeast@0.1.2;MIT;https://github.com/unshiftio/yeast
yn@2.0.0;MIT;https://github.com/sindresorhus/yn
yui-lint@0.2.0;BSD;https://github.com/yui/yui-lint
zone.js@0.8.29;MIT;https://github.com/angular/zone.js
